object_id,label,summary,creator,date,medium,dimensions,rights_text,image_api_base,width,height,sketchfab_url
"insert catalog number here, if it exsits",title of the artwork,public-fecing description,artist name,creation date,"ex. Oil paint, ceramic, etc",artwork dimensions,copyright and reuse right text to be displayed,"this is gathered from the IA helper page, should look like https://iiif.archive.org/image/iiif/2/000-001-rpalesca-garden-lemons%2F000-001-RPalesca-garden-lemons.jpg",image width as listed on IA,image height as listed on IA,"if a 3D model exists, enter the embed url here, for example https://sketchfab.com/models/5a1e083ba381477eb04714445ce8985d/embed"
,,,,,,,,,,,
,,,,,,,,,,,
,,,,,,,,,,,
,,,,,,,,,,,
,,,,,,,,,,,
,,,,,,,,,,,
,,,,,,,,,,,
,,,,,,,,,,,
,,,,,,,,,,,
,,,,,,,,,,,
,,,,,,,,,,,
,,,,,,,,,,,
,,,,,,,,,,,
,,,,,,,,,,,
,,,,,,,,,,,
,,,,,,,,,,,